-- MySQL dump 10.13  Distrib 8.0.32, for Win64 (x86_64)
--
-- Host: localhost    Database: db_actividad11
-- ------------------------------------------------------
-- Server version	8.0.32

/*!40101 SET @OLD_CHARACTER_SET_CLIENT=@@CHARACTER_SET_CLIENT */;
/*!40101 SET @OLD_CHARACTER_SET_RESULTS=@@CHARACTER_SET_RESULTS */;
/*!40101 SET @OLD_COLLATION_CONNECTION=@@COLLATION_CONNECTION */;
/*!50503 SET NAMES utf8 */;
/*!40103 SET @OLD_TIME_ZONE=@@TIME_ZONE */;
/*!40103 SET TIME_ZONE='+00:00' */;
/*!40014 SET @OLD_UNIQUE_CHECKS=@@UNIQUE_CHECKS, UNIQUE_CHECKS=0 */;
/*!40014 SET @OLD_FOREIGN_KEY_CHECKS=@@FOREIGN_KEY_CHECKS, FOREIGN_KEY_CHECKS=0 */;
/*!40101 SET @OLD_SQL_MODE=@@SQL_MODE, SQL_MODE='NO_AUTO_VALUE_ON_ZERO' */;
/*!40111 SET @OLD_SQL_NOTES=@@SQL_NOTES, SQL_NOTES=0 */;

--
-- Table structure for table `clientes`
--

DROP TABLE IF EXISTS `clientes`;
/*!40101 SET @saved_cs_client     = @@character_set_client */;
/*!50503 SET character_set_client = utf8mb4 */;
CREATE TABLE `clientes` (
  `idcliente` int NOT NULL AUTO_INCREMENT,
  `nombres` varchar(60) DEFAULT NULL,
  `apellidos` varchar(60) DEFAULT NULL,
  `nit` varchar(12) DEFAULT NULL,
  `genero` char(1) DEFAULT NULL,
  `telefono` varchar(25) DEFAULT NULL,
  `correo_electronico` varchar(45) DEFAULT NULL,
  `fecha_ingreso` datetime DEFAULT NULL,
  PRIMARY KEY (`idcliente`)
) ENGINE=InnoDB AUTO_INCREMENT=12 DEFAULT CHARSET=utf8mb4 COLLATE=utf8mb4_0900_ai_ci;
/*!40101 SET character_set_client = @saved_cs_client */;

--
-- Dumping data for table `clientes`
--

LOCK TABLES `clientes` WRITE;
/*!40000 ALTER TABLE `clientes` DISABLE KEYS */;
INSERT INTO `clientes` VALUES (8,'KEVIN','ALVARADO','12345-123-1','0','334167982','KEVIN@GMAIL.COM','2023-06-04 18:02:34'),(9,'CESAR','MARTINEZ','54321-321-1','0','37916458','CESARMAR@GMAIL.COM','2023-06-04 18:03:18'),(10,'EDGAR ','VEGA','55661-651-6','0','34816458','OMAR@GMAIL.COM','2023-06-04 21:01:00'),(11,'JOSE','JUAREZ','76543-987-0','0','34579264','JOSEJU@GMAIL.COM','2023-06-04 23:37:59');
/*!40000 ALTER TABLE `clientes` ENABLE KEYS */;
UNLOCK TABLES;

--
-- Table structure for table `compras`
--

DROP TABLE IF EXISTS `compras`;
/*!40101 SET @saved_cs_client     = @@character_set_client */;
/*!50503 SET character_set_client = utf8mb4 */;
CREATE TABLE `compras` (
  `idcompra` int NOT NULL AUTO_INCREMENT,
  `no_orden_compra` int DEFAULT NULL,
  `idproveedor` int DEFAULT NULL,
  `fecha_orden` date DEFAULT NULL,
  `fechaingreso` datetime DEFAULT NULL,
  PRIMARY KEY (`idcompra`),
  KEY `idproveedor_proveedores_compras_idx` (`idproveedor`),
  CONSTRAINT `idproveedor_proveedores_compras` FOREIGN KEY (`idproveedor`) REFERENCES `proveedores` (`idproveedor`) ON UPDATE CASCADE
) ENGINE=InnoDB AUTO_INCREMENT=5 DEFAULT CHARSET=utf8mb4 COLLATE=utf8mb4_0900_ai_ci;
/*!40101 SET character_set_client = @saved_cs_client */;

--
-- Dumping data for table `compras`
--

LOCK TABLES `compras` WRITE;
/*!40000 ALTER TABLE `compras` DISABLE KEYS */;
INSERT INTO `compras` VALUES (3,2453,3,'2023-06-04','2023-06-04 19:47:06'),(4,1075,5,'2023-06-04','2023-06-04 19:51:16');
/*!40000 ALTER TABLE `compras` ENABLE KEYS */;
UNLOCK TABLES;

--
-- Table structure for table `compras_detalle`
--

DROP TABLE IF EXISTS `compras_detalle`;
/*!40101 SET @saved_cs_client     = @@character_set_client */;
/*!50503 SET character_set_client = utf8mb4 */;
CREATE TABLE `compras_detalle` (
  `idcompras_detalle` bigint NOT NULL AUTO_INCREMENT,
  `idcompra` int DEFAULT NULL,
  `idproducto` int DEFAULT NULL,
  `cantidad` int DEFAULT NULL,
  `precio_costo_unitario` decimal(8,2) DEFAULT NULL,
  PRIMARY KEY (`idcompras_detalle`),
  KEY `idcompra_compras_compradetalle_idx` (`idcompra`),
  KEY `idproducto_productos_compradetalle_idx` (`idproducto`),
  CONSTRAINT `idcompra_compras_compradetalle` FOREIGN KEY (`idcompra`) REFERENCES `compras` (`idcompra`) ON DELETE CASCADE ON UPDATE CASCADE,
  CONSTRAINT `idproducto_productos_compradetalle` FOREIGN KEY (`idproducto`) REFERENCES `productos` (`idproducto`) ON UPDATE CASCADE
) ENGINE=InnoDB AUTO_INCREMENT=7 DEFAULT CHARSET=utf8mb4 COLLATE=utf8mb4_0900_ai_ci;
/*!40101 SET character_set_client = @saved_cs_client */;

--
-- Dumping data for table `compras_detalle`
--

LOCK TABLES `compras_detalle` WRITE;
/*!40000 ALTER TABLE `compras_detalle` DISABLE KEYS */;
INSERT INTO `compras_detalle` VALUES (5,3,10,10,28.00),(6,4,10,10,28.00);
/*!40000 ALTER TABLE `compras_detalle` ENABLE KEYS */;
UNLOCK TABLES;

--
-- Table structure for table `empleados`
--

DROP TABLE IF EXISTS `empleados`;
/*!40101 SET @saved_cs_client     = @@character_set_client */;
/*!50503 SET character_set_client = utf8mb4 */;
CREATE TABLE `empleados` (
  `idempleado` int NOT NULL AUTO_INCREMENT,
  `nombres` varchar(60) DEFAULT NULL,
  `apellidos` varchar(60) DEFAULT NULL,
  `direccion` varchar(80) DEFAULT NULL,
  `telefono` varchar(25) DEFAULT NULL,
  `dpi` varchar(15) DEFAULT NULL,
  `genero` char(1) DEFAULT NULL,
  `fecha_nacimiento` date DEFAULT NULL,
  `idpuesto` smallint DEFAULT NULL,
  `fecha_inicio_labores` date DEFAULT NULL,
  `fecha_ingreso` datetime DEFAULT NULL,
  PRIMARY KEY (`idempleado`),
  KEY `idpuesto_puestos_empleados_idx` (`idpuesto`),
  CONSTRAINT `idpuesto_puestos_empleados` FOREIGN KEY (`idpuesto`) REFERENCES `puestos` (`idpuesto`) ON UPDATE CASCADE
) ENGINE=InnoDB AUTO_INCREMENT=8 DEFAULT CHARSET=utf8mb4 COLLATE=utf8mb4_0900_ai_ci;
/*!40101 SET character_set_client = @saved_cs_client */;

--
-- Dumping data for table `empleados`
--

LOCK TABLES `empleados` WRITE;
/*!40000 ALTER TABLE `empleados` DISABLE KEYS */;
INSERT INTO `empleados` VALUES (6,'JOSE','CAMEY','SAN MARTIN','49156275','1234567891234','0','1990-05-22',5,'2023-06-01','2023-06-04 18:27:15'),(7,'RONY','MEJIA','CHIMALTENANGO','51672834','9874563210012','0','1992-04-16',9,'2023-06-01','2023-06-04 18:32:10');
/*!40000 ALTER TABLE `empleados` ENABLE KEYS */;
UNLOCK TABLES;

--
-- Table structure for table `marcas`
--

DROP TABLE IF EXISTS `marcas`;
/*!40101 SET @saved_cs_client     = @@character_set_client */;
/*!50503 SET character_set_client = utf8mb4 */;
CREATE TABLE `marcas` (
  `idmarca` smallint NOT NULL AUTO_INCREMENT,
  `marca` varchar(50) DEFAULT NULL,
  PRIMARY KEY (`idmarca`)
) ENGINE=InnoDB AUTO_INCREMENT=13 DEFAULT CHARSET=utf8mb4 COLLATE=utf8mb4_0900_ai_ci;
/*!40101 SET character_set_client = @saved_cs_client */;

--
-- Dumping data for table `marcas`
--

LOCK TABLES `marcas` WRITE;
/*!40000 ALTER TABLE `marcas` DISABLE KEYS */;
INSERT INTO `marcas` VALUES (7,'NESTLE'),(8,'ORAL-B'),(9,'KELLOGS'),(10,'COCA-COLA'),(11,'PEPSI'),(12,'BIMBO');
/*!40000 ALTER TABLE `marcas` ENABLE KEYS */;
UNLOCK TABLES;

--
-- Table structure for table `productos`
--

DROP TABLE IF EXISTS `productos`;
/*!40101 SET @saved_cs_client     = @@character_set_client */;
/*!50503 SET character_set_client = utf8mb4 */;
CREATE TABLE `productos` (
  `idproducto` int NOT NULL AUTO_INCREMENT,
  `producto` varchar(50) DEFAULT NULL,
  `idmarca` smallint DEFAULT NULL,
  `descripcion` varchar(100) DEFAULT NULL,
  `imagen` varchar(30) DEFAULT NULL,
  `precio_costo` decimal(8,2) DEFAULT NULL,
  `precio_venta` decimal(8,2) DEFAULT NULL,
  `existencia` int DEFAULT NULL,
  `fecha_ingreso` datetime DEFAULT NULL,
  PRIMARY KEY (`idproducto`),
  KEY `idmarca_marcas_productos_idx` (`idmarca`),
  CONSTRAINT `idmarca_marcas_productos` FOREIGN KEY (`idmarca`) REFERENCES `marcas` (`idmarca`) ON UPDATE CASCADE
) ENGINE=InnoDB AUTO_INCREMENT=13 DEFAULT CHARSET=utf8mb4 COLLATE=utf8mb4_0900_ai_ci;
/*!40101 SET character_set_client = @saved_cs_client */;

--
-- Dumping data for table `productos`
--

LOCK TABLES `productos` WRITE;
/*!40000 ALTER TABLE `productos` DISABLE KEYS */;
INSERT INTO `productos` VALUES (10,'CHOCOKRISPI',9,'ARROS INFLADO RECUBIERTO DE CHOCOLATE','',28.00,35.00,100,'2023-06-04 19:38:37'),(11,'PASTA ORAL-B',8,'PASTA BLANQUEADORA','',8.00,11.00,150,'2023-06-04 19:39:42'),(12,'PINGUINITOS',12,'PINGUINITOS DE CHOCOLATE','',6.00,10.00,100,'2023-06-04 19:40:48');
/*!40000 ALTER TABLE `productos` ENABLE KEYS */;
UNLOCK TABLES;

--
-- Table structure for table `proveedores`
--

DROP TABLE IF EXISTS `proveedores`;
/*!40101 SET @saved_cs_client     = @@character_set_client */;
/*!50503 SET character_set_client = utf8mb4 */;
CREATE TABLE `proveedores` (
  `idproveedor` int NOT NULL AUTO_INCREMENT,
  `proveedor` varchar(60) DEFAULT NULL,
  `nit` varchar(12) DEFAULT NULL,
  `direccion` varchar(80) DEFAULT NULL,
  `telefono` varchar(25) DEFAULT NULL,
  PRIMARY KEY (`idproveedor`)
) ENGINE=InnoDB AUTO_INCREMENT=6 DEFAULT CHARSET=utf8mb4 COLLATE=utf8mb4_0900_ai_ci;
/*!40101 SET character_set_client = @saved_cs_client */;

--
-- Dumping data for table `proveedores`
--

LOCK TABLES `proveedores` WRITE;
/*!40000 ALTER TABLE `proveedores` DISABLE KEYS */;
INSERT INTO `proveedores` VALUES (3,'DISTRIBUIDORA GAMA','12345-123-1','GUATEMALA','31299465'),(4,'COCA-COLA FEMSA','77665-533-5','GUATEMALA','37854685'),(5,'DISTRIBUIDORA ALCANCE','55331-166-6','GUATEMALA','78634294');
/*!40000 ALTER TABLE `proveedores` ENABLE KEYS */;
UNLOCK TABLES;

--
-- Table structure for table `puestos`
--

DROP TABLE IF EXISTS `puestos`;
/*!40101 SET @saved_cs_client     = @@character_set_client */;
/*!50503 SET character_set_client = utf8mb4 */;
CREATE TABLE `puestos` (
  `idpuesto` smallint NOT NULL AUTO_INCREMENT,
  `puesto` varchar(50) DEFAULT NULL,
  PRIMARY KEY (`idpuesto`)
) ENGINE=InnoDB AUTO_INCREMENT=11 DEFAULT CHARSET=utf8mb4 COLLATE=utf8mb4_0900_ai_ci;
/*!40101 SET character_set_client = @saved_cs_client */;

--
-- Dumping data for table `puestos`
--

LOCK TABLES `puestos` WRITE;
/*!40000 ALTER TABLE `puestos` DISABLE KEYS */;
INSERT INTO `puestos` VALUES (5,'GERENTE'),(6,'SUBGERENTE'),(7,'ADMINISTRADOR'),(8,'SUPERVISOR'),(9,'CAJERO 1'),(10,'CAJERO 2');
/*!40000 ALTER TABLE `puestos` ENABLE KEYS */;
UNLOCK TABLES;

--
-- Table structure for table `ventas`
--

DROP TABLE IF EXISTS `ventas`;
/*!40101 SET @saved_cs_client     = @@character_set_client */;
/*!50503 SET character_set_client = utf8mb4 */;
CREATE TABLE `ventas` (
  `idventa` int NOT NULL AUTO_INCREMENT,
  `nofactura` int DEFAULT NULL,
  `serie` char(1) DEFAULT NULL,
  `fechafactura` date DEFAULT NULL,
  `idcliente` int DEFAULT NULL,
  `idempleado` int DEFAULT NULL,
  `fechaingreso` datetime DEFAULT NULL,
  PRIMARY KEY (`idventa`),
  KEY `idcliente_clientes_ventas_idx` (`idcliente`),
  KEY `idempleado_empleados_ventas_idx` (`idempleado`),
  CONSTRAINT `idcliente_clientes_ventas` FOREIGN KEY (`idcliente`) REFERENCES `clientes` (`idcliente`) ON UPDATE CASCADE,
  CONSTRAINT `idempleado_empleados_ventas` FOREIGN KEY (`idempleado`) REFERENCES `empleados` (`idempleado`) ON UPDATE CASCADE
) ENGINE=InnoDB AUTO_INCREMENT=29 DEFAULT CHARSET=utf8mb4 COLLATE=utf8mb4_0900_ai_ci;
/*!40101 SET character_set_client = @saved_cs_client */;

--
-- Dumping data for table `ventas`
--

LOCK TABLES `ventas` WRITE;
/*!40000 ALTER TABLE `ventas` DISABLE KEYS */;
INSERT INTO `ventas` VALUES (26,129,'A','2023-06-04',8,6,'2023-06-04 20:18:13'),(27,4665,'A','2023-06-04',10,7,'2023-06-04 22:20:09'),(28,3715,'A','2023-06-04',11,6,'2023-06-04 22:44:05');
/*!40000 ALTER TABLE `ventas` ENABLE KEYS */;
UNLOCK TABLES;

--
-- Table structure for table `ventas_detalle`
--

DROP TABLE IF EXISTS `ventas_detalle`;
/*!40101 SET @saved_cs_client     = @@character_set_client */;
/*!50503 SET character_set_client = utf8mb4 */;
CREATE TABLE `ventas_detalle` (
  `idventa_detalle` bigint NOT NULL AUTO_INCREMENT,
  `idventa` int DEFAULT NULL,
  `idproducto` int DEFAULT NULL,
  `cantidad` varchar(45) DEFAULT NULL,
  `precio_unitario` decimal(8,2) DEFAULT NULL,
  PRIMARY KEY (`idventa_detalle`),
  KEY `idventa_ventas_ventadetalle_idx` (`idventa`),
  KEY `idproducto_productos_ventadetalle_idx` (`idproducto`),
  CONSTRAINT `idproducto_productos_ventadetalle` FOREIGN KEY (`idproducto`) REFERENCES `productos` (`idproducto`) ON UPDATE CASCADE,
  CONSTRAINT `idventa_ventas_ventadetalle` FOREIGN KEY (`idventa`) REFERENCES `ventas` (`idventa`) ON DELETE CASCADE ON UPDATE CASCADE
) ENGINE=InnoDB AUTO_INCREMENT=51 DEFAULT CHARSET=utf8mb4 COLLATE=utf8mb4_0900_ai_ci;
/*!40101 SET character_set_client = @saved_cs_client */;

--
-- Dumping data for table `ventas_detalle`
--

LOCK TABLES `ventas_detalle` WRITE;
/*!40000 ALTER TABLE `ventas_detalle` DISABLE KEYS */;
INSERT INTO `ventas_detalle` VALUES (45,26,10,'2',35.00),(46,26,12,'5',10.00),(47,27,10,'10',35.00),(48,27,12,'5',10.00),(49,28,12,'10',10.00),(50,28,11,'2',11.00);
/*!40000 ALTER TABLE `ventas_detalle` ENABLE KEYS */;
UNLOCK TABLES;
/*!40103 SET TIME_ZONE=@OLD_TIME_ZONE */;

/*!40101 SET SQL_MODE=@OLD_SQL_MODE */;
/*!40014 SET FOREIGN_KEY_CHECKS=@OLD_FOREIGN_KEY_CHECKS */;
/*!40014 SET UNIQUE_CHECKS=@OLD_UNIQUE_CHECKS */;
/*!40101 SET CHARACTER_SET_CLIENT=@OLD_CHARACTER_SET_CLIENT */;
/*!40101 SET CHARACTER_SET_RESULTS=@OLD_CHARACTER_SET_RESULTS */;
/*!40101 SET COLLATION_CONNECTION=@OLD_COLLATION_CONNECTION */;
/*!40111 SET SQL_NOTES=@OLD_SQL_NOTES */;

-- Dump completed on 2023-06-06  1:10:31
